family,scene,n,6+2_drawn,6+2_batches,6+2_maxMidBatch,6+2_irqCycles,6+2_buildCycles,7+1_drawn,7+1_batches,7+1_maxMidBatch,7+1_irqCycles,7+1_buildCycles,pooled-8_drawn,pooled-8_batches,pooled-8_maxMidBatch,pooled-8_irqCycles,pooled-8_buildCycles
dense-cluster,cluster-1@120,1,1,1,0,144,705,1,1,0,144,705,1,1,0,144,705
even-chain-7,chain7-1,1,1,1,0,144,705,1,1,0,144,705,1,1,0,144,705
even-chain-33,chain33-1,1,1,1,0,144,705,1,1,0,144,705,1,1,0,144,705
dense-cluster,cluster-2@120,2,2,1,0,221,988,2,1,0,221,988,2,1,0,221,988
even-chain-7,chain7-2,2,2,1,0,221,988,2,1,0,221,988,2,1,0,221,988
even-chain-33,chain33-2,2,2,1,0,221,988,2,1,0,221,988,2,1,0,221,988
dense-cluster,cluster-3@120,3,3,1,0,298,1271,3,1,0,298,1271,3,1,0,298,1271
even-chain-7,chain7-3,3,3,1,0,298,1271,3,1,0,298,1271,3,1,0,298,1271
even-chain-33,chain33-3,3,3,1,0,298,1271,3,1,0,298,1271,3,1,0,298,1271
dense-cluster,cluster-4@120,4,4,1,0,375,1554,4,1,0,375,1554,4,1,0,375,1554
even-chain-7,chain7-4,4,4,1,0,375,1554,4,1,0,375,1554,4,1,0,375,1554
even-chain-33,chain33-4,4,4,1,0,375,1554,4,1,0,375,1554,4,1,0,375,1554
dense-cluster,cluster-5@120,5,5,1,0,452,1837,5,1,0,452,1837,5,1,0,452,1837
even-chain-7,chain7-5,5,5,1,0,452,1837,5,1,0,452,1837,5,1,0,452,1837
even-chain-33,chain33-5,5,5,1,0,452,1837,5,1,0,452,1837,5,1,0,452,1837
dense-cluster,cluster-6@120,6,6,1,0,529,2120,6,1,0,529,2120,6,1,0,529,2120
even-chain-7,chain7-6,6,6,1,0,529,2120,6,1,0,529,2120,6,1,0,529,2120
even-chain-33,chain33-6,6,6,1,0,529,2120,6,1,0,529,2120,6,1,0,529,2120
dense-cluster,cluster-7@120,7,6,1,0,529,2210,7,1,0,606,2403,7,1,0,606,2403
even-chain-7,chain7-7,7,7,2,1,673,2445,7,1,0,606,2403,7,1,0,606,2403
even-chain-33,chain33-7,7,7,2,1,673,2445,7,1,0,606,2403,7,1,0,606,2403
dense-cluster,cluster-8@120,8,6,1,0,529,2300,7,1,0,606,2493,8,1,0,683,2686
even-chain-7,chain7-8,8,8,2,2,750,2728,8,2,1,750,2728,8,1,0,683,2686
even-chain-33,chain33-8,8,8,2,2,750,2728,8,2,1,750,2728,8,1,0,683,2686
dense-cluster,cluster-9@120,9,6,1,0,529,2390,7,1,0,606,2583,8,1,0,683,2776
even-chain-7,chain7-9,9,9,3,2,894,3053,9,2,2,827,3011,9,2,1,827,3011
even-chain-33,chain33-9,9,9,2,3,827,3011,9,2,2,827,3011,9,2,1,827,3011
dense-cluster,cluster-10@120,10,6,1,0,529,2480,7,1,0,606,2673,8,1,0,683,2866
even-chain-7,chain7-10,10,10,3,2,971,3336,10,2,3,904,3294,10,2,2,904,3294
even-chain-33,chain33-10,10,10,2,4,904,3294,10,2,3,904,3294,10,2,2,904,3294
dense-cluster,cluster-11@120,11,6,1,0,529,2570,7,1,0,606,2763,8,1,0,683,2956
even-chain-7,chain7-11,11,11,4,2,1115,3661,11,3,3,1048,3619,11,2,3,981,3577
even-chain-33,chain33-11,11,11,2,5,981,3577,11,2,4,981,3577,11,2,3,981,3577
dense-cluster,cluster-12@120,12,6,1,0,529,2660,7,1,0,606,2853,8,1,0,683,3046
even-chain-7,chain7-12,12,12,4,2,1192,3944,12,3,3,1125,3902,12,2,4,1058,3860
even-chain-33,chain33-12,12,11,2,5,981,3667,12,2,5,1058,3860,12,2,4,1058,3860
dense-cluster,cluster-13@120,13,6,1,0,529,2750,7,1,0,606,2943,8,1,0,683,3136
even-chain-7,chain7-13,13,13,5,2,1336,4269,13,3,3,1202,4185,13,3,4,1202,4185
even-chain-33,chain33-13,13,11,2,5,981,3757,12,2,5,1058,3950,13,2,5,1135,4143
dense-cluster,cluster-14@120,14,6,1,0,529,2840,7,1,0,606,3033,8,1,0,683,3226
even-chain-7,chain7-14,14,14,5,2,1413,4552,14,4,3,1346,4510,14,3,4,1279,4468
even-chain-33,chain33-14,14,11,2,5,981,3847,12,2,5,1058,4040,13,2,5,1135,4233
dense-cluster,cluster-15@120,15,6,1,0,529,2930,7,1,0,606,3123,8,1,0,683,3316
even-chain-7,chain7-15,15,15,6,2,1557,4877,15,4,3,1423,4793,15,3,4,1356,4751
even-chain-33,chain33-15,15,11,2,5,981,3937,12,2,5,1058,4130,13,2,5,1135,4323
dense-cluster,cluster-16@120,16,6,1,0,529,3020,7,1,0,606,3213,8,1,0,683,3406
even-chain-7,chain7-16,16,16,6,2,1634,5160,16,4,3,1500,5076,16,3,4,1433,5034
even-chain-33,chain33-16,16,11,2,5,981,4027,12,2,5,1058,4220,13,2,5,1135,4413
gap-sweep,gap20-9,9,9,2,3,827,3011,9,2,2,827,3011,9,2,1,827,3011
gap-sweep,gap21-9,9,9,2,3,827,3011,9,2,2,827,3011,9,2,1,827,3011
gap-sweep,gap24-8,8,8,2,2,750,2728,8,2,1,750,2728,8,1,0,683,2686
gap-sweep,gap28-7,7,7,2,1,673,2445,7,1,0,606,2403,7,1,0,606,2403
gap-sweep,gap32-6,6,6,1,0,529,2120,6,1,0,529,2120,6,1,0,529,2120
gap-sweep,gap33-6,6,6,1,0,529,2120,6,1,0,529,2120,6,1,0,529,2120
gap-sweep,gap34-6,6,6,1,0,529,2120,6,1,0,529,2120,6,1,0,529,2120
gap-sweep,gap40-5,5,5,1,0,452,1837,5,1,0,452,1837,5,1,0,452,1837
gap-sweep,gap50-4,4,4,1,0,375,1554,4,1,0,375,1554,4,1,0,375,1554
gap-sweep,gap60-3,3,3,1,0,298,1271,3,1,0,298,1271,3,1,0,298,1271
waves,two-waves-6+6,12,12,2,6,1058,3860,12,2,5,1058,3860,12,2,4,1058,3860
waves,two-waves-8+8,16,12,2,6,1058,4220,14,2,7,1212,4606,16,2,8,1366,4992
waves,three-clusters-4,12,12,3,4,1125,3902,12,3,4,1125,3902,12,2,4,1058,3860
waves,three-clusters-5,15,15,3,5,1356,4751,15,3,5,1356,4751,15,3,5,1356,4751
region,upper-heavy-10,10,7,2,1,673,2715,8,2,1,750,2908,9,2,1,827,3101
region,middle-heavy-10,10,7,2,1,673,2715,8,2,1,750,2908,9,2,1,827,3101
region,lower-heavy-10,10,7,2,1,673,2715,8,2,1,750,2908,9,2,1,827,3101
region,top-row-8,8,6,1,0,529,2300,7,1,0,606,2493,8,1,0,683,2686
region,top-row-10,10,6,1,0,529,2480,7,1,0,606,2673,8,1,0,683,2866
spread,spread10-16,16,16,5,3,1567,5118,16,4,4,1500,5076,16,3,5,1433,5034
spread,spread11-16,16,16,4,4,1500,5076,16,3,5,1433,5034,16,3,6,1433,5034
spread,spread-full-16,16,16,4,4,1500,5076,16,3,5,1433,5034,16,3,6,1433,5034
bullets,6enemies+6bullets,12,12,3,3,1125,3902,12,3,4,1125,3902,12,2,4,1058,3860
bullets,8enemies+8bullets,16,16,5,3,1567,5118,16,4,4,1500,5076,16,3,5,1433,5034
clip,clipped0+8,8,8,2,2,750,2728,8,2,1,750,2728,8,1,0,683,2686
clip,clipped1+8,9,9,2,3,827,3011,9,2,2,827,3011,9,2,1,827,3011
clip,clipped3+8,11,11,3,4,1048,3619,11,2,4,981,3577,11,2,3,981,3577
clip,clipped6+8,14,14,3,6,1279,4468,14,3,6,1279,4468,14,2,6,1212,4426
clip,clip-pool-overflow+8,16,14,3,6,1279,4648,14,3,6,1279,4468,14,2,6,1212,4426
